{"cameraMode":{"drawMode":0,"name":"Shaded","section":"Shading Mode"},"sceneLighting":true,"audioPlay":false,"sceneViewState":{"m_AlwaysRefresh":false,"showFog":true,"showSkybox":true,"showFlares":true,"showImageEffects":true,"showParticleSystems":true,"showVisualEffectGraphs":true,"m_FxEnabled":true},"in2DMode":false,"pivot":{"x":-4.867643356323242,"y":3.543299436569214,"z":1.8966455459594727},"rotation":{"x":-0.009316762909293175,"y":-0.791610598564148,"z":-0.010237329639494419,"w":0.6114319562911987},"size":10.566591262817383,"orthographic":false}